{
  "두억시니": {
    "profiles": [
      {
        "boss_hp_est": 21608724075.000004,
        "label": "노랑(주로 스네 구성)",
        "ref_P": 712195.6298076924,
        "ref_common_damage_buff_pct": 30.0,
        "ref_energy_decrease_by_color": {},
        "ref_party": "스네이크 5 캡틴아이스 1",
        "ref_required_norm": 30340.995044907548,
        "ref_stone_crit_buff_pct": 0.0,
        "ref_total_dmg": 198245175.00000003,
        "ref_total_mp": 1700,
        "ref_vec": {
          "스네이크": 0.7647058823529411,
          "캡틴아이스": 0.23529411764705882
        },
        "ref_weakness_bonus_by_color": {
          "노랑": 0.0
        },
        "threshold_cycles": 109
      },
      {
        "boss_hp_est": 15787450349.999996,
        "label": "노랑(주로 스네 구성)",
        "ref_P": 537313.3701923075,
        "ref_common_damage_buff_pct": 0.0,
        "ref_energy_decrease_by_color": {},
        "ref_party": "스네이크 5 캡틴아이스 1 뱀파 1",
        "ref_required_norm": 29382.202688069305,
        "ref_stone_crit_buff_pct": 0.0,
        "ref_total_dmg": 154778924.99999997,
        "ref_total_mp": 2040,
        "ref_vec": {
          "뱀파": 0.16666666666666666,
          "스네이크": 0.6372549019607843,
          "캡틴아이스": 0.19607843137254902
        },
        "ref_weakness_bonus_by_color": {},
        "threshold_cycles": 102
      },
      {
        "boss_hp_est": 15485570849.999998,
        "label": "파랑(눈설탕, 캡아 구성)",
        "ref_P": 504417.6841216216,
        "ref_common_damage_buff_pct": 0.0,
        "ref_energy_decrease_by_color": {},
        "ref_party": "눈 5 캡 1",
        "ref_required_norm": 30699.896806683384,
        "ref_stone_crit_buff_pct": 0.0,
        "ref_total_dmg": 188848424.99999997,
        "ref_total_mp": 2250,
        "ref_vec": {
          "눈설탕": 0.8222222222222222,
          "캡틴아이스": 0.17777777777777778
        },
        "ref_weakness_bonus_by_color": {},
        "threshold_cycles": 82
      },
      {
        "boss_hp_est": 15574968370.5,
        "label": "빨강(주로 비트 구성)",
        "ref_P": 505680.79125,
        "ref_common_damage_buff_pct": 0.0,
        "ref_energy_decrease_by_color": {},
        "ref_party": "비 4 캡 1 레 1",
        "ref_required_norm": 30800.0,
        "ref_stone_crit_buff_pct": 0.0,
        "ref_total_dmg": 202272316.5,
        "ref_total_mp": 2400,
        "ref_vec": {
          "레판": 0.16666666666666666,
          "비트": 0.6666666666666666,
          "캡틴아이스": 0.16666666666666666
        },
        "ref_weakness_bonus_by_color": {},
        "threshold_cycles": 77
      }
    ]
  },
  "무쇠꾼": {
    "profiles": [
      {
        "boss_hp_est": 29390180400.0,
        "label": "파랑(눈설탕, 캡아 구성)",
        "ref_P": 696673.1097972973,
        "ref_common_damage_buff_pct": 78.0,
        "ref_energy_decrease_by_color": {},
        "ref_party": "눈설탕 3 캡틴아이스 1",
        "ref_required_norm": 42186.471656055895,
        "ref_stone_crit_buff_pct": 0.0,
        "ref_total_dmg": 262412325.0,
        "ref_total_mp": 1510,
        "ref_vec": {
          "눈설탕": 0.7350993377483444,
          "캡틴아이스": 0.26490066225165565
        },
        "ref_weakness_bonus_by_color": {
          "노랑": 0.0,
          "파랑": 0.16
        },
        "threshold_cycles": 112
      },
      {
        "boss_hp_est": 16357021199.999998,
        "label": "노랑(주로 스네 구성)",
        "ref_P": 397149.90865384607,
        "ref_common_damage_buff_pct": 0.0,
        "ref_energy_decrease_by_color": {},
        "ref_party": "스네이크 4 캡틴아이스 1",
        "ref_required_norm": 41186.012746276865,
        "ref_stone_crit_buff_pct": 0.0,
        "ref_total_dmg": 113590424.99999999,
        "ref_total_mp": 1440,
        "ref_vec": {
          "스네이크": 0.7222222222222222,
          "캡틴아이스": 0.2777777777777778
        },
        "ref_weakness_bonus_by_color": {},
        "threshold_cycles": 144
      }
    ]
  },
  "사마귀": {
    "profiles": []
  }
}